<?xml version="1.0" encoding="UTF-8"?>
<project default="generate" name="HTMLModel">
    <property name="ECLIPSE_HOME" value="../../../eclipse/modeling-2021-12/Eclipse.app/Contents/Eclipse"/>
    <property name="ECLIPSE_WORKSPACE" value="../.."/>

    <!-- The classpath with only the dependencies used by the project -->
    <path id="HTMLModel.libraryclasspath">
        <pathelement location="${ECLIPSE_WORKSPACE}/HTMLModel/bin"/>
    </path>

    <path id="HTMLModel.classpath">
        <path refid="HTMLModel.libraryclasspath"/>
    </path>

    <!-- The classpath with only the jars available in the plugin folder of Eclipse -->
    <path id="HTMLModel.libraryclasspath.alljars">
        <pathelement location="../HTMLModel/bin"/>
        <fileset dir="${ECLIPSE_HOME}/plugins/" includes="*.jar"/>
    </path>

    <path id="HTMLModel.classpath.alljars">
        <path refid="HTMLModel.libraryclasspath.alljars"/>
    </path>

    <!-- The default task with the jars used by this project -->
    <target name="generate">
        <java classname="HTMLModel.main.Generate" classpathref="HTMLModel.classpath">
            <arg value="${model}"/>
            <arg value="${target}"/>
        </java>
    </target>

    <!--
        In case of problem you can also try with all the jar available in your Eclipse
        Keep in mind that having two versions of the same jar can create problems
    -->
    <target name="generate.alljars">
        <java classname="HTMLModel.main.Generate" classpathref="HTMLModel.classpath">
            <arg value="${model}"/>
            <arg value="${target}"/>
        </java>
    </target>
</project>
